ID_Usario,Nombre
0041,Juan
0042,Jose Luis
0043,Maria
0044,Francisco
0045,Guadalupe
0046,Fernando
0047,Mariana
0048,Andres 
0049,Andrea
00410,Joaquín
00411,Jose María 
00412,Diego 
00413,Ximena 
00414,Mauricio
00415,Mariana 
00416,Pablo 
00417,Sofia
00418,Emilio
00419,Regina
00420,Eli
00421,Rodrigo
00422,Luis
00423,Eugenia
00424,Paola
00425,Monstse
00426,Gerardo
00427,Bruno 
00428,Sebastián 
00429,Juan Pablo 
00430,Vale
00431,Kim
00432,Victor
00433,Isabela
00434,Pamela