,nombre
0,I Want It That Way
1,Believe
2,Livin' la Vida Loca
3,Beautiful Day
4,Walk On
5,Lady Marmalade - Moulin Rouge/Soundtrack Version
6,A Thousand Miles
7,Complicated
8,Clocks
9,Crazy In Love (feat. Jay-Z)
10,Where Is The Love?
11,Lose Yourself
12,Let's Get It Started - Spike Mix
13,American Idiot
14,The Reason
15,Boulevard of Broken Dreams
16,Hollaback Girl
17,This Love
18,You're Beautiful
19,Umbrella
20,Chasing Pavements
21,Viva La Vida
22,Bleeding Love
23,I'm Yours
24,Halo
25,I Gotta Feeling
26,Poker Face
27,Single Ladies (Put a Ring on It)
28,Need You Now
29,Nothin' on You (feat. Bruno Mars)
30,Love The Way You Lie
31,Empire State Of Mind
32,Rolling in the Deep
33,Grenade
34,Firework
35,Someone Like You
36,Moves Like Jagger
37,Paradise
38,Somebody That I Used To Know
39,We Are Never Ever Getting Back Together
40,Stronger (What Doesn't Kill You)
41,We Are Young (feat. Janelle Monáe)
42,Call Me Maybe
43,Wide Awake
44,Set Fire to the Rain
45,Where Have You Been
46,Payphone
47,Shake It Out
48,Get Lucky (feat. Pharrell Williams & Nile Rodgers)
49,Radioactive
50,Royals
51,Locked out of Heaven
52,Blurred Lines
53,Just Give Me a Reason (feat. Nate Ruess)
54,Roar
55,Same Love - feat. Mary Lambert
56,Stay With Me
57,Fancy
58,Chandelier
59,Shake It Off
60,All About That Bass
61,"Happy - From ""Despicable Me 2"""
62,All of Me
63,Say Something
64,A Sky Full of Stars
65,Bang Bang
66,Dark Horse
67,Uptown Funk (feat. Bruno Mars)
68,Thinking out Loud
69,Blank Space
70,See You Again (feat. Charlie Puth)
71,Sugar
72,Hello
73,Work
74,Stressed Out
75,Cheap Thrills (feat. Sean Paul)
76,Despacito - Remix
77,That's What I Like
78,Shape of You
79,Havana (feat. Young Thug)
80,Girls Like You
81,bad guy
82,Señorita
83,She Will Be Loved
84,Makes Me Wonder
85,Won't Go Home Without You
86,If I Never See Your Face Again
87,Misery
88,Hips Don't Lie (feat. Wyclef Jean)
89,Beautiful Liar
90,Don't Start Now
91,Watermelon Sugar
